{
  "deployment_status": "SUCCESS",
  "environment": "production",
  "total_execution_time": 1.0097606182098389,
  "requests_processed": 5,
  "successful_requests": 5,
  "platform_uptime": 1.008880853652954,
  "final_health_status": "healthy",
  "performance_metrics": {
    "avg_execution_time": 0.0009758472442626953,
    "total_throughput": 10247.505497190325,
    "cache_hit_rate": 0.7692307692307693
  }
}