{
  "deployment_status": "SUCCESS",
  "environment": "production",
  "total_execution_time": 1.0080502033233643,
  "requests_processed": 5,
  "successful_requests": 5,
  "platform_uptime": 1.0069634914398193,
  "final_health_status": "healthy",
  "performance_metrics": {
    "avg_execution_time": 0.0008083343505859375,
    "total_throughput": 12371.118452100047,
    "cache_hit_rate": 0.7692307692307693
  }
}