{
  "evolution_stats": {
    "total_generations": 3,
    "final_best_fitness": 0.35994636948044234,
    "fitness_improvement": -1.0886063446902128e-05,
    "average_diversity": 0.6071428571428571,
    "algorithm_used": "nsga2",
    "population_size": 8,
    "evolution_history": [
      {
        "generation": 1,
        "best_fitness": 0.35995725554388924,
        "diversity": 0.7142857142857143,
        "population_size": 8,
        "execution_time": 3.607879638671875
      },
      {
        "generation": 2,
        "best_fitness": 0.3599487601099788,
        "diversity": 0.5714285714285714,
        "population_size": 8,
        "execution_time": 3.6090142726898193
      },
      {
        "generation": 3,
        "best_fitness": 0.35994636948044234,
        "diversity": 0.5357142857142857,
        "population_size": 8,
        "execution_time": 6.0116236209869385
      }
    ],
    "diversity_history": [
      0.7142857142857143,
      0.5714285714285714,
      0.5357142857142857
    ]
  },
  "error_summary": {
    "total_errors": 3,
    "error_breakdown": {
      "evaluation": 0,
      "algorithm": 0,
      "timeout": 0
    },
    "last_error_time": 1754417224.7943485,
    "system_health": "healthy"
  },
  "performance_summary": {
    "total_evolutions": 2,
    "uptime_seconds": 17.447973012924194,
    "recent_performance": {
      "average_generation_time": 7.719941258430481,
      "best_fitness_achieved": 0.35995121002197267,
      "average_diversity": 0.4928571428571429
    },
    "algorithms_used": [
      "nsga2"
    ],
    "total_evaluations": 34
  },
  "health_report": {
    "status": "healthy",
    "last_check": 1754417225.7956536,
    "current_metrics": {
      "cpu_usage": 2.0,
      "memory_usage": 14.1,
      "disk_usage": 16.9
    },
    "averages": {
      "cpu_usage": 2.0,
      "memory_usage": 14.1
    },
    "recommendations": []
  }
}